"","Var1","Var2","Correlation"
"1","G2","G1",0.864981630308582
"2","G3","G1",0.826387124789049
"3","G1","G2",0.864981630308582
"4","G3","G2",0.918548003560351
"5","G1","G3",0.826387124789049
"6","G2","G3",0.918548003560351
