"","mpg","cyl","disp","hp","wt","qsec","model_year","origin"
"mpg",1,-0.775396285420556,-0.804202824805898,-0.77143713500255,-0.831740933244335,0.420288912101651,0.579267133083309,0.563450359773843
"cyl",-0.775396285420556,1,0.950721390139244,0.838939365564593,0.896016795453396,-0.505419489052176,-0.348745796613594,-0.562543345909241
"disp",-0.804202824805898,0.950721390139244,1,0.893646235533669,0.932824146841634,-0.543684083500929,-0.370164161079324,-0.609409399060416
"hp",-0.77143713500255,0.838939365564593,0.893646235533669,1,0.860574301009039,-0.684259128883863,-0.411650995922344,-0.453669315082199
"wt",-0.831740933244335,0.896016795453396,0.932824146841634,0.860574301009039,1,-0.417457319940393,-0.306564334283289,-0.581023913972747
"qsec",0.420288912101651,-0.505419489052176,-0.543684083500929,-0.684259128883863,-0.417457319940393,1,0.28813695429949,0.205873007418765
"model_year",0.579267133083309,-0.348745796613594,-0.370164161079324,-0.411650995922344,-0.306564334283289,0.28813695429949,1,0.180662195309597
"origin",0.563450359773843,-0.562543345909241,-0.609409399060416,-0.453669315082199,-0.581023913972747,0.205873007418765,0.180662195309597,1
