"","mpg","cylinders","displacement","horsepower","weight","acceleration","model_year","origin"
"mpg",1,-0.777617508126022,-0.805126946710457,-0.778426783897776,-0.832244214831575,0.423328536902787,0.580540966090785,0.565208756716461
"cylinders",-0.777617508126022,1,0.950823300827782,0.842983356918658,0.897527340340817,-0.504683379348644,-0.345647440338085,-0.568931589542213
"displacement",-0.805126946710457,0.950823300827782,1,0.897257001843468,0.93299440408901,-0.543800496734567,-0.369855206675179,-0.614535114572698
"horsepower",-0.778426783897776,0.842983356918658,0.897257001843468,1,0.864537737574143,-0.689195510334236,-0.416361477099988,-0.455171452793186
"weight",-0.832244214831575,0.897527340340817,0.93299440408901,0.864537737574143,1,-0.416839202003707,-0.309119880830816,-0.585005354665706
"acceleration",0.423328536902787,-0.504683379348644,-0.543800496734567,-0.689195510334236,-0.416839202003707,1,0.290316113336519,0.212745807994583
"model_year",0.580540966090785,-0.345647440338085,-0.369855206675179,-0.416361477099988,-0.309119880830816,0.290316113336519,1,0.181527718366331
"origin",0.565208756716461,-0.568931589542213,-0.614535114572698,-0.455171452793186,-0.585005354665706,0.212745807994583,0.181527718366331,1
